generation,mean_score,max_score,min_score,time_taken
0,0.0,0.0,0.0,21.575615167617798
1,0.0,0.0,0.0,21.474145650863647
2,0.0,0.0,0.0,22.510116815567017
